Level,Name,VaR_95_$,ES_95_$,VaR_99_$,ES_99_$
Asset,A,94.21355297585296,117.94543832326836,132.6223325335186,152.69343867709452
Asset,B,107.85802107737209,144.71233129284508,165.76088880084444,206.0045574593022
Portfolio,Total,151.9629260788479,194.92798098908736,221.5336561091949,262.6812185313919
